Method,R2 Score,MAE,Feature Count
Filter Method,0.8481941861550208,173.27787999999995,16
Wrapper Method,0.8556332058993481,168.73075999999998,15
Embedded Method,0.8459615811525653,174.43259999999995,14
