,weight_kg,warranty_months
count,100000.0,100000.0
mean,4.2896992,22.20036
std,3.8146283941449934,10.231900253043316
min,0.92,12.0
25%,1.5,12.0
50%,2.0,24.0
75%,7.0,24.0
max,16.0,48.0
