{
  "columns": [
    "ram_gb",
    "storage_gb",
    "cpu_cores",
    "gpu_tier",
    "release_year",
    "brand_Acer",
    "brand_Apple",
    "brand_Dell",
    "brand_Gigabyte",
    "brand_HP",
    "brand_Lenovo",
    "brand_MSI",
    "brand_Razer",
    "brand_Samsung",
    "device_type_Laptop",
    "os_Linux",
    "os_Windows",
    "os_macOS",
    "cpu_brand_Apple",
    "cpu_brand_Intel",
    "gpu_brand_Apple",
    "gpu_brand_Intel",
    "gpu_brand_NVIDIA"
  ],
  "coef": [
    53.854799875410755,
    54.894512671951446,
    109.1309969937192,
    300.5600808846441,
    52.00632931228835,
    -25.616048492844513,
    55.794784317514804,
    12.515194864910567,
    -0.068267466794459,
    0.015489681344682047,
    7.39255947831439,
    14.593772229819354,
    38.99834272495398,
    21.259787087155516,
    122.10823969801436,
    10.186124971806803,
    37.904289056971706,
    134.2585004074175,
    55.79478431751532,
    -0.3502502651852091,
    -14.314258150277418,
    -8.893130079583694,
    -0.23466653529673923
  ],
  "intercept": 1924.299679236636,
  "mean": [
    39.7016,
    805.15328,
    10.51574,
    2.99135,
    2022.32085,
    0.09925,
    0.11915,
    0.14005,
    0.049,
    0.14114,
    0.15992,
    0.07891,
    0.03033,
    0.08066,
    0.59844,
    0.06109,
    0.71817,
    0.18207,
    0.11915,
    0.52774,
    0.18922,
    0.10599,
    0.54712
  ],
  "scale": [
    31.887430712429623,
    498.71187018682605,
    5.044067034883656,
    1.4596352892075473,
    2.0257505467110213,
    0.29899738711232915,
    0.3239649325158512,
    0.34703889911651115,
    0.21586801523152982,
    0.34816590930187286,
    0.3665318452740498,
    0.2695982416485686,
    0.1714937057153994,
    0.2723122553246548,
    0.4902137966234733,
    0.23949532751183267,
    0.44989093244918815,
    0.3859022092447775,
    0.3239649325158512,
    0.49922989934498113,
    0.39168327970440614,
    0.30782482014938306,
    0.49777475387970405
  ],
  "r2": 0.7834342757347008,
  "mae": 206.05850924861306,
  "unique_vals": {
    "brand": [
      "Samsung",
      "Lenovo",
      "Dell",
      "Gigabyte",
      "MSI",
      "Apple",
      "HP",
      "Acer",
      "ASUS",
      "Razer"
    ],
    "device_type": [
      "Desktop",
      "Laptop"
    ],
    "os": [
      "Windows",
      "macOS",
      "Linux",
      "ChromeOS"
    ],
    "cpu_brand": [
      "Intel",
      "AMD",
      "Apple"
    ],
    "gpu_brand": [
      "NVIDIA",
      "AMD",
      "Apple",
      "Intel"
    ],
    "ram_gb": [
      8,
      16,
      32,
      64,
      128
    ],
    "storage_gb": [
      128,
      256,
      512,
      1000,
      2000,
      4000
    ],
    "cpu_cores": [
      2,
      4,
      6,
      8,
      10,
      12,
      16,
      24,
      32,
      64
    ],
    "gpu_tier": [
      1,
      2,
      3,
      4,
      5,
      6,
      7,
      8,
      9,
      10
    ],
    "release_year": [
      2020,
      2021,
      2022,
      2023,
      2024,
      2025,
      2026
    ]
  }
}